[{"Id":"0001","Name":"Chair","DeployedIn":{"name":"room1","id":"0001","purpose":3,"areaInSquareMeters":50},"EquipmentType":2},{"Id":"0002","Name":"Table","DeployedIn":{"name":"room1","id":"0001","purpose":3,"areaInSquareMeters":50},"EquipmentType":2},{"Id":"0003","Name":"Hat stand","DeployedIn":{"name":"room1","id":"0001","purpose":3,"areaInSquareMeters":50},"EquipmentType":2},{"Id":"0004","Name":"Cabinet","DeployedIn":{"name":"room1","id":"0001","purpose":3,"areaInSquareMeters":50},"EquipmentType":2},{"Id":"0005","Name":"Stethoscope","DeployedIn":{"name":"room1","id":"0001","purpose":3,"areaInSquareMeters":50},"EquipmentType":0}]